{"cameraMode":{"drawMode":0,"name":"Shaded","section":"Shading Mode"},"sceneLighting":false,"audioPlay":false,"sceneViewState":{"m_AlwaysRefresh":false,"showFog":true,"showSkybox":false,"showFlares":true,"showImageEffects":true,"showParticleSystems":true,"showVisualEffectGraphs":true,"m_FxEnabled":true},"in2DMode":false,"pivot":{"x":3.15636944770813,"y":0.10853171348571778,"z":2.2204816341400148},"rotation":{"x":0.11574085056781769,"y":-0.8699101805686951,"z":0.24384991824626923,"w":0.4128386378288269},"size":0.16179955005645753,"orthographic":false}