{"cameraMode":{"drawMode":0,"name":"Shaded","section":"Shading Mode"},"sceneLighting":true,"audioPlay":false,"sceneViewState":{"m_AlwaysRefresh":false,"showFog":true,"showSkybox":true,"showFlares":true,"showImageEffects":true,"showParticleSystems":true,"showVisualEffectGraphs":true,"m_FxEnabled":true},"in2DMode":false,"pivot":{"x":-0.031156539916992189,"y":6.770199775695801,"z":9.411975860595704},"rotation":{"x":0.1690855771303177,"y":-0.5735548734664917,"z":0.12245158106088638,"w":0.7921512722969055},"size":67.20040893554688,"orthographic":false}