{"cameraMode":{"drawMode":0,"name":"Shaded","section":"Shading Mode"},"sceneLighting":true,"audioPlay":false,"sceneViewState":{"m_AlwaysRefresh":false,"showFog":true,"showSkybox":true,"showFlares":true,"showImageEffects":true,"showParticleSystems":true,"showVisualEffectGraphs":true,"m_FxEnabled":true},"in2DMode":false,"pivot":{"x":27.359758377075197,"y":0.8950720429420471,"z":-12.515339851379395},"rotation":{"x":0.07945167273283005,"y":-0.9068148732185364,"z":0.36356809735298159,"w":0.1981227546930313},"size":65.02354431152344,"orthographic":false}