{"cameraMode":{"drawMode":0,"name":"Shaded","section":"Shading Mode"},"sceneLighting":true,"audioPlay":false,"sceneViewState":{"m_AlwaysRefresh":false,"showFog":true,"showSkybox":true,"showFlares":true,"showImageEffects":true,"showParticleSystems":true,"showVisualEffectGraphs":true,"m_FxEnabled":true},"in2DMode":false,"pivot":{"x":-27.565635681152345,"y":-50.18183898925781,"z":112.5295639038086},"rotation":{"x":0.21745611727237702,"y":-0.16136452555656434,"z":0.036453355103731158,"w":0.9619808793067932},"size":88.73975372314453,"orthographic":false}